"year","population"
"1971","55928000"
"1972","56096700"
"1973","56222900"
"1974","56235600"
"1975","56225700"
"1976","56216100"
"1977","56189900"
"1978","56178000"
"1979","56240100"
"1980","56329700"
"1981","56357500"
"1982","56290700"
"1983","56315700"
"1984","56409300"
"1985","56554000"
"1986","56683800"
"1987","56804000"
"1988","56916400"
"1989","57076500"
"1990","57237500"
"1991","57438700"
"1992","57584500"
"1993","57713900"
"1994","57862100"
"1995","58024800"
"1996","58164400"
"1997","58314200"
"1998","58474900"
"1999","58684400"
"2000","58886100"
"2001","59113000"
"2002","59365700"
"2003","59636700"
"2004","59950400"
"2005","60413300"
"2006","60827000"
"2007","61319100"
"2008","61823800"
"2009","62260500"
"2010","62759500"
"2011","63285100"
"2012","63710500"
"2013","64138200"
"2014","64618700"
"2015","65087000"
"2016","65605800"
"2017","65964300"
"2018","66286700"
"2019","66627500"
"2020","66739900"
"2021","66978000"
"2022","67680000"
"2023","68588000"
"2024","69256300"
"2025","69483900"
